{
    "mods": [
        {
            "id": "1",
            "name": "龙女仆场地",
            "description": "星遗物场地替换为龙女仆场地",
            "resource_ids": [
                "1"
            ]
        },
        {
            "id": "2",
            "name": "异画包",
            "description": "神弓、灰流丽等异画",
            "resource_ids": [
                "2",
                "3",
                "4",
                "5",
                "6",
                "7",
                "8",
                "9"
            ]
        }
    ],
    "resources": [
        {
            "id": "1",
            "resource_hash": "b57af26f",
            "name": "龙女仆场地",
            "description": "星遗物场地替换为龙女仆场地",
            "resource_type": "场地"
        },
        {
            "id": "2",
            "resource_hash": "18ccfa1a",
            "name": "神弓异画",
            "description": "神弓异画",
            "resource_type": "卡面"
        },
        {
            "id": "3",
            "resource_hash": "70a9dcac",
            "name": "灰流丽异画",
            "description": "灰流丽异画",
            "resource_type": "卡面"
        },
        {
            "id": "4",
            "resource_hash": "c28b96c3",
            "name": "刺刀枪管龙",
            "description": "刺刀枪管龙异画",
            "resource_type": "卡面"
        },
        {
            "id": "5",
            "resource_hash": "42771fe1",
            "name": "混源龙巨涡始祖神异画",
            "description": "混源龙巨涡始祖神异画",
            "resource_type": "卡面"
        },
        {
            "id": "6",
            "resource_hash": "33c5f904",
            "name": "电子龙无限异画",
            "description": "电子龙无限异画",
            "resource_type": "卡面"
        },
        {
            "id": "7",
            "resource_hash": "9ec31a59",
            "name": "锁鸟异画",
            "description": "锁鸟异画",
            "resource_type": "卡面"
        },
        {
            "id": "8",
            "resource_hash": "3942a896",
            "name": "天空侠异画",
            "description": "天空侠异画",
            "resource_type": "卡面"
        },
        {
            "id": "9",
            "resource_hash": "68c26250",
            "name": "幻创龙奇幻龙人神异画",
            "description": "幻创龙奇幻龙人神异画",
            "resource_type": "卡面"
        },
        {
            "id": "10",
            "resource_hash": "eac5a943",
            "name": "屋敷童异画",
            "description": "屋敷童异画",
            "resource_type": "卡面"
        }
    ],
    "records": [],
    "max_mod_id": "3",
    "max_resource_id": "10"
}